{"accuracy": [0.017500000074505806, 0.04833333194255829, 0.07000000029802322, 0.08666666597127914, 0.11916666477918625, 0.12083332985639572, 0.1433333307504654, 0.1483333259820938, 0.1691666692495346, 0.18000000715255737, 0.20749999582767487, 0.21250000596046448, 0.2175000011920929, 0.2591666579246521, 0.2758333384990692, 0.2708333432674408, 0.2916666567325592, 0.3149999976158142, 0.35333332419395447, 0.3100000023841858, 0.33666667342185974, 0.38333332538604736, 0.4025000035762787, 0.3858333230018616, 0.41749998927116394, 0.4358333349227905, 0.45249998569488525, 0.4566666781902313, 0.4883333444595337, 0.5016666650772095], "loss": [6.338171482086182, 3.8181307315826416, 3.7137959003448486, 3.5894579887390137, 3.483372449874878, 3.435537099838257, 3.2885892391204834, 3.1976470947265625, 3.1281137466430664, 3.040767192840576, 2.8763773441314697, 2.8503293991088867, 2.7499892711639404, 2.647646427154541, 2.649766206741333, 2.5708320140838623, 2.4978420734405518, 2.429533004760742, 2.249655246734619, 2.378307342529297, 2.2512941360473633, 2.0870778560638428, 2.025728464126587, 2.030989408493042, 1.9580192565917969, 1.8855737447738647, 1.8450403213500977, 1.7858126163482666, 1.7315760850906372, 1.6894011497497559], "val_accuracy": [0.014999999664723873, 0.019999999552965164, 0.032499998807907104, 0.032499998807907104, 0.05249999836087227, 0.05000000074505806, 0.0625, 0.06499999761581421, 0.05000000074505806, 0.07500000298023224, 0.0625, 0.08250000327825546, 0.06750000268220901, 0.11999999731779099, 0.125, 0.14499999582767487, 0.16750000417232513, 0.15000000596046448, 0.1574999988079071, 0.1875, 0.14000000059604645, 0.22750000655651093, 0.2199999988079071, 0.20999999344348907, 0.20250000059604645, 0.24250000715255737, 0.2199999988079071, 0.22499999403953552, 0.2199999988079071, 0.2224999964237213], "val_loss": [3.909724473953247, 3.915818452835083, 3.9182653427124023, 3.9141292572021484, 3.902237892150879, 3.892843723297119, 3.863473415374756, 3.844486951828003, 3.8075225353240967, 3.772205114364624, 3.670306444168091, 3.621859550476074, 3.6318631172180176, 3.4723873138427734, 3.3525354862213135, 3.2223987579345703, 3.0661563873291016, 3.0359601974487305, 3.0965282917022705, 3.0595200061798096, 3.1069447994232178, 2.903188705444336, 2.8679425716400146, 2.897559881210327, 2.988722324371338, 2.8033759593963623, 2.923693895339966, 3.041567325592041, 2.820319414138794, 2.8579909801483154]}